Иванов Сергей Лаврентьевич;Разработчик;"Департамент Разработки –> Отдел CRM –> Команда ""Ценообразование";04.фев;17108
Петров Сергей Лаврентьевич;Разработчик;"Департамент Разработки –> Отдел CRM –> Команда ""Ценообразование";04.фев;8129
Сидоров Сергей Лаврентьевич;Разработчик;"Департамент Разработки –> Отдел Анализа –> Команда ""Ценообразование";04.фев;26316
Иванов Илья Лаврентьевич;Разработчик;"Департамент Разработки –> Отдел Анализа –> Команда ""Ценообразование";04.фев;14213
Петров Илья Лаврентьевич;Разработчик;"Департамент Разработки –> Отдел Анализа –> Команда ""Ценообразование";04.фев;48669
Сидоров Илья Лаврентьевич;Разработчик;"Департамент Разработки –> Отдел Чила –> Команда ""Ценообразование";04.фев;43230
Иванов Максим Лаврентьевич;Разработчик;"Департамент Разработки –> Отдел Чила –> Команда ""Ценообразование";04.фев;47597
Петров Максим Лаврентьевич;Разработчик;"Департамент Разработки –> Отдел Чила –> Команда ""Ценообразование";04.фев;39138
Сидоров Максим Лаврентьевич;Разработчик;"Департамент Разработки –> Отдел Чила –> Команда ""Ценообразование";04.фев;8304
Иванов Сергей Лаврентьевич;Разработчик;"Департамент Разработки –> Отдел CRM –> Команда ""Ценообразование";04.фев;19951
Петров Сергей Лаврентьевич;Разработчик;"Департамент Разработки –> Отдел CRM –> Команда ""Ценообразование";04.фев;22943
Сидоров Сергей Лаврентьевич;Разработчик;"Департамент Разработки –> Отдел Анализа –> Команда ""Ценообразование";04.фев;30424
Иванов Илья Лаврентьевич;Разработчик;"Департамент Разработки –> Отдел Анализа –> Команда ""Ценообразование";04.фев;32777
Петров Илья Лаврентьевич;Разработчик;"Департамент Разработки –> Отдел Анализа –> Команда ""Ценообразование";04.фев;41081
Сидоров Илья Лаврентьевич;Разработчик;"Департамент Разработки –> Отдел Чила –> Команда ""Ценообразование";04.фев;25269
Иванов Максим Лаврентьевич;Разработчик;"Департамент Разработки –> Отдел Чила –> Команда ""Ценообразование";04.фев;8064
Петров Максим Лаврентьевич;Разработчик;"Департамент Разработки –> Отдел Чила –> Команда ""Ценообразование";04.фев;16390
Сидоров Максим Лаврентьевич;Разработчик;"Департамент Разработки –> Отдел Чила –> Команда ""Ценообразование";04.фев;13526
Иванов Сергей Лаврентьевич;Разработчик;"Департамент Разработки –> Отдел CRM –> Команда ""Ценообразование";04.фев;41082
Петров Сергей Лаврентьевич;Разработчик;"Департамент Разработки –> Отдел CRM –> Команда ""Ценообразование";04.фев;48457
Сидоров Сергей Лаврентьевич;Разработчик;"Департамент Разработки –> Отдел Анализа –> Команда ""Ценообразование";04.фев;17061
Иванов Илья Лаврентьевич;Разработчик;"Департамент Разработки –> Отдел Анализа –> Команда ""Ценообразование";04.фев;9538
Петров Илья Лаврентьевич;Разработчик;"Департамент Разработки –> Отдел Анализа –> Команда ""Ценообразование";04.фев;24725
Сидоров Илья Лаврентьевич;Разработчик;"Департамент Разработки –> Отдел Чила –> Команда ""Ценообразование";04.фев;19802
Иванов Максим Лаврентьевич;Разработчик;"Департамент Разработки –> Отдел Чила –> Команда ""Ценообразование";04.фев;47463
Петров Максим Лаврентьевич;Разработчик;"Департамент Разработки –> Отдел Чила –> Команда ""Ценообразование";04.фев;16558
Сидоров Максим Лаврентьевич;Разработчик;"Департамент Разработки –> Отдел Чила –> Команда ""Ценообразование";04.фев;12543
Иванов Сергей Лаврентьевич;Разработчик;"Департамент Разработки –> Отдел CRM –> Команда ""Ценообразование";04.фев;16791
Петров Сергей Лаврентьевич;Разработчик;"Департамент Разработки –> Отдел CRM –> Команда ""Ценообразование";04.фев;11195
Сидоров Сергей Лаврентьевич;Разработчик;"Департамент Разработки –> Отдел Анализа –> Команда ""Ценообразование";04.фев;39193
Иванов Илья Лаврентьевич;Разработчик;"Департамент Разработки –> Отдел Анализа –> Команда ""Ценообразование";04.фев;35067
Петров Илья Лаврентьевич;Разработчик;"Департамент Разработки –> Отдел Анализа –> Команда ""Ценообразование";04.фев;8623
Сидоров Илья Лаврентьевич;Разработчик;"Департамент Разработки –> Отдел Чила –> Команда ""Ценообразование";04.фев;39011
Иванов Максим Лаврентьевич;Разработчик;"Департамент Разработки –> Отдел Чила –> Команда ""Ценообразование";04.фев;44454
Петров Максим Лаврентьевич;Разработчик;"Департамент Разработки –> Отдел Чила –> Команда ""Ценообразование";04.фев;16268
Сидоров Максим Лаврентьевич;Разработчик;"Департамент Разработки –> Отдел Чила –> Команда ""Ценообразование";04.фев;11969
Иванов Сергей Лаврентьевич;Разработчик;"Департамент Разработки –> Отдел CRM –> Команда ""Ценообразование";04.фев;12199
Петров Сергей Лаврентьевич;Разработчик;"Департамент Разработки –> Отдел CRM –> Команда ""Ценообразование";04.фев;9363
Сидоров Сергей Лаврентьевич;Разработчик;"Департамент Разработки –> Отдел Анализа –> Команда ""Ценообразование";04.фев;9316
Иванов Илья Лаврентьевич;Разработчик;"Департамент Разработки –> Отдел Анализа –> Команда ""Ценообразование";04.фев;47804
Петров Илья Лаврентьевич;Разработчик;"Департамент Разработки –> Отдел Анализа –> Команда ""Ценообразование";04.фев;21796
Сидоров Илья Лаврентьевич;Разработчик;"Департамент Разработки –> Отдел Чила –> Команда ""Ценообразование";04.фев;36836
Иванов Максим Лаврентьевич;Разработчик;"Департамент Разработки –> Отдел Чила –> Команда ""Ценообразование";04.фев;12813
Петров Максим Лаврентьевич;Разработчик;"Департамент Разработки –> Отдел Чила –> Команда ""Ценообразование";04.фев;32353
Сидоров Максим Лаврентьевич;Разработчик;"Департамент Разработки –> Отдел Чила –> Команда ""Ценообразование";04.фев;46004
Иванов Сергей Лаврентьевич;Разработчик;"Департамент Разработки –> Отдел CRM –> Команда ""Ценообразование";04.фев;49268
Петров Сергей Лаврентьевич;Разработчик;"Департамент Разработки –> Отдел CRM –> Команда ""Ценообразование";04.фев;25553
Сидоров Сергей Лаврентьевич;Разработчик;"Департамент Разработки –> Отдел Анализа –> Команда ""Ценообразование";04.фев;19657
Иванов Илья Лаврентьевич;Разработчик;"Департамент Разработки –> Отдел Анализа –> Команда ""Ценообразование";04.фев;23445
Петров Илья Лаврентьевич;Разработчик;"Департамент Разработки –> Отдел Анализа –> Команда ""Ценообразование";04.фев;23691
Сидоров Илья Лаврентьевич;Разработчик;"Департамент Разработки –> Отдел Чила –> Команда ""Ценообразование";04.фев;20384
Иванов Максим Лаврентьевич;Разработчик;"Департамент Разработки –> Отдел Чила –> Команда ""Ценообразование";04.фев;43599
Петров Максим Лаврентьевич;Разработчик;"Департамент Разработки –> Отдел Чила –> Команда ""Ценообразование";04.фев;30764
Сидоров Максим Лаврентьевич;Разработчик;"Департамент Разработки –> Отдел Чила –> Команда ""Ценообразование";04.фев;22915
Иванов Сергей Лаврентьевич;Разработчик;"Департамент Разработки –> Отдел CRM –> Команда ""Ценообразование";04.фев;8717
Петров Сергей Лаврентьевич;Разработчик;"Департамент Разработки –> Отдел CRM –> Команда ""Ценообразование";04.фев;15074
Сидоров Сергей Лаврентьевич;Разработчик;"Департамент Разработки –> Отдел Анализа –> Команда ""Ценообразование";04.фев;10773
Иванов Илья Лаврентьевич;Разработчик;"Департамент Разработки –> Отдел Анализа –> Команда ""Ценообразование";04.фев;12973
Петров Илья Лаврентьевич;Разработчик;"Департамент Разработки –> Отдел Анализа –> Команда ""Ценообразование";04.фев;38985
Сидоров Илья Лаврентьевич;Разработчик;"Департамент Разработки –> Отдел Чила –> Команда ""Ценообразование";04.фев;11107
Иванов Максим Лаврентьевич;Разработчик;"Департамент Разработки –> Отдел Чила –> Команда ""Ценообразование";04.фев;32294
Петров Максим Лаврентьевич;Разработчик;"Департамент Разработки –> Отдел Чила –> Команда ""Ценообразование";04.фев;20346
Сидоров Максим Лаврентьевич;Разработчик;"Департамент Разработки –> Отдел Чила –> Команда ""Ценообразование";04.фев;32233
Иванов Сергей Лаврентьевич;Разработчик;"Департамент Разработки –> Отдел CRM –> Команда ""Ценообразование";04.фев;48243
Петров Сергей Лаврентьевич;Разработчик;"Департамент Разработки –> Отдел CRM –> Команда ""Ценообразование";04.фев;41516
Сидоров Сергей Лаврентьевич;Разработчик;"Департамент Разработки –> Отдел Анализа –> Команда ""Ценообразование";04.фев;24470
Иванов Илья Лаврентьевич;Разработчик;"Департамент Разработки –> Отдел Анализа –> Команда ""Ценообразование";04.фев;27632
Петров Илья Лаврентьевич;Разработчик;"Департамент Разработки –> Отдел Анализа –> Команда ""Ценообразование";04.фев;24527
Сидоров Илья Лаврентьевич;Разработчик;"Департамент Разработки –> Отдел Чила –> Команда ""Ценообразование";04.фев;9544
Иванов Максим Лаврентьевич;Разработчик;"Департамент Разработки –> Отдел Чила –> Команда ""Ценообразование";04.фев;14959
Петров Максим Лаврентьевич;Разработчик;"Департамент Разработки –> Отдел Чила –> Команда ""Ценообразование";04.фев;32549
Сидоров Максим Лаврентьевич;Разработчик;"Департамент Разработки –> Отдел Чила –> Команда ""Ценообразование";04.фев;45095
Иванов Сергей Лаврентьевич;Разработчик;"Департамент Разработки –> Отдел CRM –> Команда ""Ценообразование";04.фев;35927
Петров Сергей Лаврентьевич;Разработчик;"Департамент Разработки –> Отдел CRM –> Команда ""Ценообразование";04.фев;19928
Сидоров Сергей Лаврентьевич;Разработчик;"Департамент Разработки –> Отдел Анализа –> Команда ""Ценообразование";04.фев;31695
Иванов Илья Лаврентьевич;Разработчик;"Департамент Разработки –> Отдел Анализа –> Команда ""Ценообразование";04.фев;16441
Петров Илья Лаврентьевич;Разработчик;"Департамент Разработки –> Отдел Анализа –> Команда ""Ценообразование";04.фев;39865
Сидоров Илья Лаврентьевич;Разработчик;"Департамент Разработки –> Отдел Чила –> Команда ""Ценообразование";04.фев;9568
Иванов Максим Лаврентьевич;Разработчик;"Департамент Разработки –> Отдел Чила –> Команда ""Ценообразование";04.фев;48046
Петров Максим Лаврентьевич;Разработчик;"Департамент Разработки –> Отдел Чила –> Команда ""Ценообразование";04.фев;21450
Сидоров Максим Лаврентьевич;Разработчик;"Департамент Разработки –> Отдел Чила –> Команда ""Ценообразование";04.фев;19950
Иванов Сергей Лаврентьевич;Разработчик;"Департамент Разработки –> Отдел CRM –> Команда ""Ценообразование";04.фев;25348
Петров Сергей Лаврентьевич;Разработчик;"Департамент Разработки –> Отдел CRM –> Команда ""Ценообразование";04.фев;15329
Сидоров Сергей Лаврентьевич;Разработчик;"Департамент Разработки –> Отдел Анализа –> Команда ""Ценообразование";04.фев;48534
Иванов Илья Лаврентьевич;Разработчик;"Департамент Разработки –> Отдел Анализа –> Команда ""Ценообразование";04.фев;27736
Петров Илья Лаврентьевич;Разработчик;"Департамент Разработки –> Отдел Анализа –> Команда ""Ценообразование";04.фев;13374
Сидоров Илья Лаврентьевич;Разработчик;"Департамент Разработки –> Отдел Чила –> Команда ""Ценообразование";04.фев;26292
Иванов Максим Лаврентьевич;Разработчик;"Департамент Разработки –> Отдел Чила –> Команда ""Ценообразование";04.фев;11389
Петров Максим Лаврентьевич;Разработчик;"Департамент Разработки –> Отдел Чила –> Команда ""Ценообразование";04.фев;9093
Сидоров Максим Лаврентьевич;Разработчик;"Департамент Разработки –> Отдел Чила –> Команда ""Ценообразование";04.фев;16165
Иванов Сергей Лаврентьевич;Разработчик;"Департамент Разработки –> Отдел CRM –> Команда ""Ценообразование";04.фев;40299
Петров Сергей Лаврентьевич;Разработчик;"Департамент Разработки –> Отдел CRM –> Команда ""Ценообразование";04.фев;25508
Сидоров Сергей Лаврентьевич;Разработчик;"Департамент Разработки –> Отдел Анализа –> Команда ""Ценообразование";04.фев;9564
Иванов Илья Лаврентьевич;Разработчик;"Департамент Разработки –> Отдел Анализа –> Команда ""Ценообразование";04.фев;41605
Петров Илья Лаврентьевич;Разработчик;"Департамент Разработки –> Отдел Анализа –> Команда ""Ценообразование";04.фев;27006
Сидоров Илья Лаврентьевич;Разработчик;"Департамент Разработки –> Отдел Чила –> Команда ""Ценообразование";04.фев;40571
Иванов Максим Лаврентьевич;Разработчик;"Департамент Разработки –> Отдел Чила –> Команда ""Ценообразование";04.фев;17467
Петров Максим Лаврентьевич;Разработчик;"Департамент Разработки –> Отдел Чила –> Команда ""Ценообразование";04.фев;26189
Сидоров Максим Лаврентьевич;Разработчик;"Департамент Разработки –> Отдел Чила –> Команда ""Ценообразование";04.фев;9499
Иванов Сергей Лаврентьевич;Разработчик;"Департамент Разработки –> Отдел CRM –> Команда ""Ценообразование";04.фев;21571
Петров Сергей Лаврентьевич;Разработчик;"Департамент Разработки –> Отдел CRM –> Команда ""Ценообразование";04.фев;25000
Сидоров Сергей Лаврентьевич;Разработчик;"Департамент Разработки –> Отдел Анализа –> Команда ""Ценообразование";04.фев;47543
Иванов Илья Лаврентьевич;Разработчик;"Департамент Разработки –> Отдел Анализа –> Команда ""Ценообразование";04.фев;35060
Петров Илья Лаврентьевич;Разработчик;"Департамент Разработки –> Отдел Анализа –> Команда ""Ценообразование";04.фев;24168
Сидоров Илья Лаврентьевич;Разработчик;"Департамент Разработки –> Отдел Чила –> Команда ""Ценообразование";04.фев;25711
Иванов Максим Лаврентьевич;Разработчик;"Департамент Разработки –> Отдел Чила –> Команда ""Ценообразование";04.фев;37410
Петров Максим Лаврентьевич;Разработчик;"Департамент Разработки –> Отдел Чила –> Команда ""Ценообразование";04.фев;30939
Сидоров Максим Лаврентьевич;Разработчик;"Департамент Разработки –> Отдел Чила –> Команда ""Ценообразование";04.фев;46191
